Business Name,Address,Phone,Website,Rating,Niche
Sponsored,,Open 24 hours · (386) 878-6201,/aclk?sa=L&ai=DChsSEwjD6N6U97CSAxXaQH8AHUR4ARMYACICCAEQABoCb2E&co=1&ase=2&gclid=EAIaIQobChMIw-jelPewkgMV2kB_AB1EeAETEBAYASAAEgLtUPD_BwE&cid=CAASugHkaGpOMfShzo_u4GgzNmnwUrYRqn5hdT40xsJW8s7plTe2n9stnau4bQGQZWFSBoPdDF0odmb7rjCBByTtZ8KaLv4ihhWX43MKz0OcXOcXuqzUWoEzU9XNFwdk0l28CWHgTsGZj4HrOJuv65HalVWG0z_VqS5Bvg23gofD7cvV_gLE6LASK-lHIEZjqkUp4NbTuEjmHqJoY1wq8hKmHvN48Beq0jjSfPMxfe4-MrU0PtHALK2Xh71x5JA&cce=2&category=acrcp_v1_32&sig=AOD64_2WMCOChCN3hkEc3l19tk_q29Qg5Q&adurl&q&ctype=99&nis=6,4.8,Plumbers
Orlando's Best Plumber,,Open · Closes 5 PM · (407) 731-3987,http://orlandosbestplumber.com/,5.0,Plumbers
"Plumb Rite, Inc.",,Open · Closes 5 PM · (407) 247-9162,http://plumbriteinc.us/,5.0,Plumbers
McIntyre Plumbing INC,,Open · Closes 5 PM · (386) 878-5914,http://www.mcintyreplumbingservices.com/,4.7,Plumbers
Four Towns Plumbing Inc,,Open · Closes 5 PM · (386) 668-4424,http://fourtownsplumbingdebary.com/,4.7,Plumbers
Pro Craft Plumbing llc,,Open · Closes 5 PM · (407) 792-8145,http://procraftplumbing.net/,4.9,Plumbers
PLOMERIA COMPLETA & GREEN CITY FULL LANDSCAPING & Zarilia Rosado Vicente,,Open 24 hours · (321) 306-7511,,5.0,Plumbers
Casual Plumbing,,Open · Closes 5 PM · (407) 694-7484,,5.0,Plumbers
Gomez Plumbing,,Open · Closes 5 PM · (407) 322-0042,http://www.gomezplumbinginc.com/,4.8,Plumbers
Dependable Deltona Plumber,,Open · Closes 8 PM · (321) 510-8250,,4.3,Plumbers
First Quality Plumbing,,Open 24 hours · (386) 775-0909,https://firstqualityplumbingfl.com/service-areas/orange-city/?utm_source=google&utm_medium=organic&utm_campaign=gmbwebsite&utm_term=orangecity,4.7,Plumbers
Ohana Plumbing and Gas Services LLC,,Open 24 hours · (689) 258-6666,https://ohanaplumbingandgasllc.com/,5.0,Plumbers
Gas Plumbing Services Inc,,Open · Closes 5 PM · (386) 774-8244,http://gasplumbingservices.com/contact-us/,4.2,Plumbers
Taylor Septic Services,,Open 24 hours · (386) 878-6201,,4.8,Plumbers
"Holland Plumbing, Inc.",,Open · Closes 4:30 PM · (386) 402-7594,,4.4,Plumbers
Lowery's Plumbing,,Open · Closes 4 PM · (386) 320-4638,,4.8,Plumbers
"Alternate Design Plumbing, Inc.",,Open · Closes 3 PM · (386) 774-8080,http://www.alternatedesignplumbing.com/,4.9,Plumbers
Four Towns Plumbing,,Open · Closes 5 PM · (386) 668-4424,http://fourtownsplumbingdebary.com/,4.4,Plumbers
Latow Brothers Plumbing,,Open · Closes 4 PM · (386) 775-4422,http://latowsplumbingfl.com/,4.8,Plumbers
Pope Plumbing Inc.,,Open 24 hours · (407) 267-6677,https://popeplumbinginc.com/,4.8,Plumbers
My Personal Plumber,,Open · Closes 4 PM · (407) 797-1900,http://mypersonalplumber.net/,4.9,Plumbers
"Plumbing Maintenance & Installations, Inc.",,Open · Closes 5 PM · (407) 256-8380,http://www.pmi-corp.com/,4.8,Plumbers
Plumber Near Me,,Open 24 hours · (407) 446-5220,https://floridaplumbernearme.com/,4.9,Plumbers
Doug Egner Plumbing & Medical Gas LLC,,Open · Closes 5 PM · (407) 304-9260,http://www.dougegnerplumbing.com/,4.9,Plumbers
Certified Elite Plumbing,,Open · Closes 5 PM · (386) 882-6101,http://certifiedeliteplumbing.com/,5.0,Plumbers
"Modern Plumbing Industries, Inc.",,Open 24 hours · (407) 327-6000,https://www.modernpi.com/,4.9,Plumbers
Roto-Rooter Plumbing & Water Cleanup,,Open 24 hours · (407) 454-5090,https://www.rotorooter.com/sanfordfl/?utm_source=Google&utm_medium=organic&utm_campaign=gmb&utm_content=website,4.8,Plumbers
"Encore Plumbing Contractors, Inc.",,Open · Closes 8 PM · (407) 394-6489,http://encoreplumbinginc.com/,4.7,Plumbers
Active Leak Solutions - Leak Detection Specialists,,Open · Closes 5 PM · (407) 335-1288,https://activeleaksolutions.com/,5.0,Plumbers
The French Drain Guys,,Open 24 hours · (386) 414-9168,https://frenchdrainguys.com/french-drains-orange-city-fl/?utm_source=gbp_orangecity,4.9,Plumbers
Sunshine Plumbing,,Open 24 hours · (407) 330-2332,http://www.sunshineplumbingfl.net/,4.6,Plumbers
DISCOUNT ROOTER SERVICES LLC,,Open · Closes 12 AM · (407) 536-3636,http://discountrooterservices.com/?utm_source=Google%20My%20Business&utm_medium=GMB&utm_campaign=GMB&utm_term=Location&utm_content=Location,4.5,Plumbers
Absolute Family Plumbing Inc,,Open · Closes 4 PM · (386) 736-2104,https://www.absolutefamilyplumbing.com/,4.2,Plumbers
Ron's Hardware & Plumbing Inc,,Open · Closes 5:30 PM · (386) 450-9311,https://www.ronshardware.com/,4.8,Plumbers
Johnny Gonzalez Plumbing Inc,,Open 24 hours · (386) 682-7977,,4.5,Plumbers
Exact Plumbing,,Open 24 hours · (407) 948-9048,https://exactplumbinginc.com/,4.2,Plumbers
Water-Tite Plumbing Inc,,Open · Closes 4 PM · (386) 943-9297,http://www.watertite.com/,5.0,Plumbers
Prestige Plumbing & Backflow Services LLC,,Open · Closes 5 PM · (386) 624-4119,https://www.delandplumber.com/index.html,4.9,Plumbers
Mid Florida A/C,Mid Florida A/C,Open · Closes 8 PM · (386) 753-3667,https://www.mid-floridaair.com/,4.8,HVAC
Air Tech of Central Florida,Air Tech of Central Florida,Open · Closes 10 PM · (321) 244-6998,https://airtechcfl.com/,4.9,HVAC
A/c mechanical works inc.,,Open 24 hours · (386) 561-0560,http://acmechanicalworks.com/,4.9,HVAC
Synergy Heating and Cooling Inc,,Open · Closes 5 PM · (407) 412-7188,http://synhvac.com/,4.9,HVAC
Autumn Air Conditioning and Heating LLC,,Open 24 hours · (407) 815-4999,https://autumnairandheat.com/,5.0,HVAC
Florida Air & Heat solutions,Florida Air & Heat solutions,Open 24 hours · (407) 789-0530,https://www.floridaairheatsolutions.com/?y_source=1_mta0mze2ndg0ms03mtutbg9jyxrpb24ud2vic2l0zq==,4.9,HVAC
Olympic Air Conditioning & Heating LLC,,Open 24 hours · (407) 504-1581,https://www.olympicairandheat.com/,4.9,HVAC
"SuperCool Bros Heating and Air Conditioning, LLC",,Open 24 hours · (386) 266-5276,https://supercoolbrosair.com/,4.7,HVAC
Air Care of Central Florida,Air Care of Central Florida,Open · Closes 8 PM · (407) 479-7197,https://www.aircarecfl.com/,4.8,HVAC
Deltona Heat & Air,,Open now · (386) 789-9679,,4.9,HVAC
Air Current Inc.,,Open · Closes 5 PM · (386) 532-8885,https://www.aircurrentinc.com/,4.6,HVAC
Certified Climate Control,,Open 24 hours · (386) 456-3126,https://certifiedclimate.com/,4.8,HVAC
"Cool Solutions of Central Florida, Inc.","Cool Solutions of Central Florida, Inc.",Open 24 hours · (386) 789-4408,https://www.coolsolutionscfl.com/,4.3,HVAC
"Shaw Air, LLC.",,Open · Closes 5 PM · (386) 507-3390,http://shawair.net/,5.0,HVAC
Astoria Heating & Cooling LLC,,Open 24 hours · (407) 725-7527,http://www.astoriaair.com/?y_source=1_NzI4MTE1MTktNzE1LWxvY2F0aW9uLndlYnNpdGU%3D,5.0,HVAC
Elite AC LLC,,Open · Closes 9 PM · (407) 602-7733,https://eliteacllc.com/?utm_source=GMBlisting&utm_medium=referral,4.8,HVAC
"American Air, Plumbing, and Electrical",,Open 24 hours · (321) 233-4619,https://americanairandheat.com/?utm_source=google&utm_medium=organic&utm_campaign=GMBListing-Sanford-FL,4.9,HVAC
Rescue By C J's,,Open 24 hours · (386) 775-3328,https://airrescuebycjs.com/,4.9,HVAC
Air Conditioning & Heat,,Open · Closes 8 PM · (386) 282-5750,,5.0,HVAC
ACE Air conditioning and Electrical,,Open 24 hours · (386) 668-8651,http://www.aceac.com/,4.7,HVAC
"All Star Heating & Cooling of Central Florida, LLC","All Star Heating & Cooling of Central Florida, LLC",Open · Closes 5 PM · (407) 255-7827,https://www.allstarcentralflorida.com/?utm_source=google&utm_medium=organic&utm_campaign=gmb,4.8,HVAC
Jacob Heating & Air Conditioning,,Open · Closes 9 PM · (386) 516-8705,https://www.jacobhac.com/?utm_source=google&utm_medium=organic&utm_campaign=GMBListing-DeLand-FL,4.9,HVAC
Mills Air Inc,,Open 24 hours · (407) 277-1159,https://millsair.com/,4.7,HVAC
True Techs Ac and Heat,,Open · Closes 5 PM · (386) 479-0655,http://www.truetechsacandheat.com/,4.9,HVAC
32 Degrees Heating & Air Conditioning,,Open · Closes 8 PM · (407) 402-9272,https://www.32degreesair.com/,4.9,HVAC
Central Florida Heating & AC,Central Florida Heating & AC,Open · Closes 5 PM · (407) 862-7788,,4.3,HVAC
ServiceOne Air Conditioning & Plumbing,,Open · Closes 5 PM · (407) 439-2144,https://www.serviceoneac.com/,4.8,HVAC
A/C Pros of Florida Inc.,A/C Pros of Florida Inc.,Open · Closes 5 PM · (352) 631-8776,https://acprosofflorida.com/,4.9,HVAC
FL HVAC Services,,Open · Closes 7 PM · (352) 358-5537,https://www.flhvacservices.com/?utm_campaign=gmb,4.8,HVAC
Dynamic Heating & Air,,Open 24 hours · (407) 417-5719,https://dynamicheatingandair.com/,4.9,HVAC
Servair Heating & Air Conditioning,,Open · Closes 8 PM · (386) 427-1531,https://servairac.com/,4.7,HVAC
ABC Air Conditioning and Heating Specialist- Oviedo,,Open 24 hours · (407) 783-8081,https://abcairandheat.com/?utm_source=google&utm_medium=organic&utm_campaign=oviedo_gbp,4.9,HVAC
Facemyer Air Conditioning and Heating,,Open 24 hours · (407) 604-7008,https://www.fixmyacnow.com/,4.9,HVAC
DRV A/C LLC,,Open · Closes 5:30 PM · (386) 456-7796,http://www.drvacrepair.com/,5.0,HVAC
Integrity Air and Heat,,Open · Closes 8 PM · (386) 689-6913,https://integrityairheat.com/,5.0,HVAC
Z FAMILY AND COSMETIC DENTISTRY (Formerly Steven J Smith DMD),,,,5.0,Dentist
Dental Care of Deltona,,,,4.8,Dentist
My Family Dental,,,,4.9,Dentist
Cape Vista Dental,,,,4.9,Dentist
Providence Dental Deltona,,,,4.8,Dentist
Family Care Dental,,,,4.8,Dentist
Advanced Dental Care of Orange City,,,,4.7,Dentist
DeBary Dental Care,,,,5.0,Dentist
Vista Dental and Braces,,,,4.9,Dentist
"Aspen Dental - Orange City, FL",,,,4.4,Dentist
Greenberg Dental & Orthodontics,,,,4.3,Dentist
Coast Dental,,,,4.1,Dentist
DeBary Dentistry,,,,4.9,Dentist
Blue Spring Dental Care,,,,5.0,Dentist
Family Dentistry of Orange Groves,,,,4.8,Dentist
Woodland Dental Care,,,,4.8,Dentist
Orange City Modern Dentistry,,,,4.9,Dentist
Sage Dental of Orange City,,,,4.5,Dentist
River City Dentistry,,,,4.9,Dentist
Victorian Dental,,,,4.5,Dentist
DeLand Smiles,,,,4.8,Dentist
Premier Dentistry,,,,5.0,Dentist
Terry R. Soule DDS,,,,4.9,Dentist
Orange City Dentist- Universal Smiles Dentistry,,"""He was able to see what his teeth will look like in 6-8 months.""",,4.6,Dentist
Mid-Florida Endodontics,Mid-Florida Endodontics,,,4.3,Dentist
Timothy Glomb Pediatric Dentistry,,,,4.9,Dentist
"Pardy & Rodriguez, P.A.",,Open 24 hours · (386) 388-6418,https://www.pardyrodriguezlaw.com/,4.9,Law offices
"Principle Legal Offices, P.A. George Trovato",,Open · Closes 4:30 PM · (386) 626-9006,https://www.principlelegal.com/,4.7,Law offices
"Hill & Hill Attorneys at Law, PLLC",,Open · Closes 5 PM · (386) 218-6155,https://www.hillandhilllawfirm.com/,5.0,Law offices
Leppard Law: DUI Lawyers & Criminal Defense Attorneys Deltona,,Open 24 hours · (386) 961-4976,https://leppardlaw.com/deltona-criminal-defense-lawyers-near-you/?utm_campaign=GBPwebsite&utm_medium=organic&utm_source=Deltona,5.0,Law offices
Payas Payas & Payas Attorneys,,Open · Closes 5 PM · (386) 532-7225,http://www.payaslaw.com/,4.8,Law offices
"The Law Offices of Carolina Nunez, P.A.",,Closed · Opens 10:30 AM · (386) 753-4867,http://www.cnunezlaw.com/,4.7,Law offices
Coastal Legacy Law,,Open · Closes 5 PM · (833) 358-7878,https://coastallegacylaw.com/,5.0,Law offices
"Bauer & Associates Attorneys at Law, P.A.",,Open · Closes 12 PM · Reopens 1 PM · (386) 734-3313,https://www.delandattorneys.com/,4.8,Law offices
Smith & Eulo Law Firm: Criminal Defense Law Firm,,Open 24 hours · (689) 209-0400,https://www.smithandeulo.com/criminal-defense-attorneys-sanford-fl/?utm_source=google&utm_medium=gmb&utm_campaign=san,4.8,Law offices
Louis Berk Law,,Open 24 hours · (407) 906-0500,https://louisberklaw.com/,5.0,Law offices
Cornerstone Law Firm,,Open · Closes 5 PM · (407) 986-0529,http://mycornerstonelaw.com/,5.0,Law offices
Weston & Pape Injury & Accident Lawyers,,Open · Closes 11 PM · (386) 222-6410,https://dwaccidentlawyer.com/,5.0,Law offices
"Coronado Law Group, PLLC",,Open · Closes 5 PM · (386) 427-5227,https://coronadolawgroup.com/,4.8,Law offices
"Thompson Law, P.A.",,Open 24 hours · (386) 280-4977,https://www.centralflalaw.com/,4.9,Law offices
Sultana Legacy Law & Title,,Open · Closes 5 PM · (407) 815-6903,https://sultanalaw.com/,5.0,Law offices
Herring and Herring Law Firm,,Open · Closes 5 PM · (407) 323-6700,http://www.herringandherringlaw.com/,4.9,Law offices
"My Florida Lawyers, PA","My Florida Lawyers, PA",Open · Closes 5 PM · (407) 706-4600,,5.0,Law offices
Munizzi Law Firm,,Open · Closes 5 PM · (407) 501-5500,https://munizzilaw.com/,4.9,Law offices
"Morgan Law, P.A. - Orange City, FL",,Open · Closes 9 PM · (386) 218-4973,https://spacecoastlawyer.com/,4.8,Law offices
Morgan & Morgan,,Open 24 hours · (386) 281-6800,https://www.forthepeople.com/office-locations/florida/deland/?utm_source=GMB&utm_medium=local&utm_campaign=DelandFLGMB,4.7,Law offices
Alicia Irizarry-Stop Paying Lawyer Fees,,Closed · Opens 10 AM · (386) 218-6812,http://www.facebook.com/aliciairizarrySPLF,4.5,Law offices
"Law Office of Brett C. Kocijan, P.A.",,Open · Closes 5:30 PM · (386) 738-8865,https://rymap.org/business/law-office-of-brett-c-kocijan-pa-fqp7lm,4.3,Law offices
"Peterson Law Group, PLLC",,Open · Closes 5 PM · (386) 428-2464,https://www.petersonlawgroupnsb.com/,4.1,Law offices
"Bogin, Munns & Munns Personal Injury & Car Accident Lawyers Orange City",,Open · Closes 5 PM · (386) 204-6610,https://www.boginmunns.com/orange-city-personal-injury-lawyer/?utm_source=google&utm_medium=organic&utm_campaign=gbp-listing-orange-city,4.4,Law offices
Law Office of Thomas C. Greene,,Open · Closes 5 PM · (407) 321-0751,http://www.thomascgreenelaw.com/,4.8,Law offices
The Nation Law Firm,,Open 24 hours · (407) 339-1104,https://www.nationlaw.com/?utm_source=yext&utm_medium=local&utm_campaign=NationLawYext,4.6,Law offices
"Ford Law, PLLC",,Open · Closes 5 PM · (386) 243-4323,https://ford.law/,4.8,Law offices
"Monts Law, P.L.",,Open · Closes 5 PM · (407) 878-3977,https://montslaw.com/,4.8,Law offices
Anderson & Associates PA,,Open · Closes 5 PM · (407) 843-9901,http://www.consultlawoffice.com/,4.7,Law offices
"The Law Office of David A. Webster, P.A.",,Open · Closes 12 PM · Reopens 1 PM · (407) 862-9222,https://www.thewebsterlawoffice.com/,4.9,Law offices
"The Law Office of Harry G. Reid, III, P.L.",,Open · Closes 5 PM · (407) 321-3911,https://www.hgreid.com/,4.5,Law offices
Gary Siegel Attorney at Law,,Open · Closes 5 PM · (407) 878-7860,http://garysiegelattorneyatlaw.com/,4.7,Law offices
"The Law Office of Ryan N. Yadav, LLC",,Open 24 hours · (407) 878-7855,http://www.yadavlaw.com/,4.9,Law offices
Gonzalez Law Firm,,Open 24 hours · (407) 333-0070,http://www.gonzalezfirm.com/,4.6,Law offices
"The Principal Law Firm, P.L.",,Open · Closes 5 PM · (407) 322-3003,http://www.principallaw.net/,5.0,Law offices
Law Office of Isadore Hyde PA,,Open 24 hours · (689) 303-3033,https://www.hydelaw.org/?utm_source=Google&utm_medium=Profile&utm_campaign=GMB,4.7,Law offices
K1 Roofing LLC,,Open · Closes 8 PM · (386) 848-2409,https://k1roofing.com/?y_source=1_MTAwNDExMDQ0NS03MTUtbG9jYXRpb24ud2Vic2l0ZQ%3D%3D,4.9,Roofers
CK Select Roofing LLC,,Open · Closes 5 PM · (321) 321-5205,https://ckselectroofing.com/,4.9,Roofers
The Roofing Factory FL,,Open · Closes 5:30 PM · (407) 923-1799,https://www.theroofingfactoryfl.com/,5.0,Roofers
Sunshine State Roofing of Florida,Sunshine State Roofing of Florida,Open 24 hours · (407) 912-7266,https://sunshinestateroofingofflorida.com/,4.9,Roofers
Amtek Roofing LLC,,Open · Closes 5 PM · (386) 848-7478,https://amtekroofingllc.com/,5.0,Roofers
Adcock Roofing,,Open · Closes 5 PM · (407) 322-9558,http://adcockroofing1.com/,4.9,Roofers
Top Notch Roofing,,Open · Closes 6 PM · (321) 299-3591,http://roofingtopnotch.com/,4.9,Roofers
Infinity Roofing LLC,,Open · Closes 4 PM · (386) 575-4007,https://infinityroofingllc.org/,4.7,Roofers
Florida Elite Roofing,Florida Elite Roofing,Open 24 hours · (800) 935-7415,https://fleliteroofing.com/?utm_source=google&utm_medium=organic&utm_id=gmb,4.8,Roofers
"Florida Blue Roofing, LLC","Florida Blue Roofing, LLC",Open · Closes 5 PM · (407) 901-1343,https://floridablueroofing.com/,4.9,Roofers
Xtreme Roofing & Construction,,Open · Closes 8 PM · (407) 305-6657,http://www.xtremeroofingpros.com/?utm_campaign=gmb,4.4,Roofers
Reliant Roofing Services,,Open · Closes 6 PM · (386) 679-6228,https://www.reliantroofingservice.com/,5.0,Roofers
Pinnacle Roofing,,Open · Closes 9 PM · (386) 631-5566,https://pinnacleroofinggroup.com/areas-we-serve/volusia-county-fl/debary/,4.9,Roofers
"Swordsmen Roofing & Construction, LLC.",,Open · Closes 5 PM · (386) 960-0255,https://swordsmenroofing.com/,5.0,Roofers
"Best Choice Roofing Central Florida, LLC","Best Choice Roofing Central Florida, LLC",Open · Closes 5 PM · (407) 707-6717,https://bestchoiceroofing.com/locations/florida/orlando/?utm_source=gmb&utm_medium=organic&utm_campaign=orlando,4.6,Roofers
Sunrise Roofing Services Inc,,Open · Closes 4 PM · (407) 542-3609,https://www.sunriseroofingservice.com/,4.7,Roofers
FL Specialty Roofing,,Open · Closes 5 PM · (352) 415-4596,http://flsroof.com/,4.9,Roofers
HD Roofing and Solar,,Open 24 hours · (407) 743-7803,https://hdroofers.com/,4.7,Roofers
Sponsored,Massey Roofing Provides The Most Trusted & Affordable Roofing Services in Central Florida.,Open · Closes 5 PM · (352) 406-8052,/aclk?sa=L&ai=DChsSEwjz1pGn97CSAxVmVH8AHePQA_QYACICCAEQARoCb2E&co=1&ase=2&gclid=EAIaIQobChMI89aRp_ewkgMVZlR_AB3j0AP0EBAYAiAAEgIdUfD_BwE&cid=CAASugHkaOB4HyHplNK4hja-moblzBgKPTZkorrUN356_2Q-h0bsaq6gjKoxs19TOgnnLv8y7cDSsYr7XHPZbkniPoIgAlakttKLQyKWGdCzByKkfrchB2MAtQEOtoTi5x7AupSD0Dajppwt4gsrdPdxoEEoU54Sb25Q79Xc306hsb_qSrvpPtKGC_a0PklNajHz0r9ygQxyypIUu3umc0OqP9qPW7erKtua-7a0r5exNUg1WbDc0WEh8PDlG9Q&cce=2&category=acrcp_v1_32&sig=AOD64_2NktbB9CQyNO_p6wi1YA99pej_4w&adurl&q&ctype=99&nis=6,4.9,Roofers
Central Homes Roofing & Solar,,Open 24 hours · (407) 732-7262,https://centralhomesroofing.com/longwood/,4.8,Roofers
Roof Pros USA,,Open · Closes 5:30 PM · (407) 831-7663,http://www.roofprosusa.com/,4.8,Roofers
Mid Florida Roofing,Mid Florida Roofing,Open 24 hours · (407) 830-8554,https://midfloridaroofing.com/,4.3,Roofers
G&W Roofing,,Open 24 hours · (386) 749-8287,https://www.gwroofing.com/?utm_source=directories&utm_medium=directories&utm_id=BDR-DIG-DIR-GENI-EDGE-PHO-GMB-202402-GBPLISTINGEDGEWATERGWR,4.6,Roofers
Tecta America Central Florida Commercial Roofing,Tecta America Central Florida Commercial Roofing,Open · Closes 5 PM · (407) 330-9303,https://www.tectaamerica.com/location/commercial-roofing-southeast-orlando-sanford/,4.5,Roofers
ROC Roofing Inc.,,Open · Closes 6 PM · (866) 355-6745,https://rocroofingfl.com/?utm_source=Google&utm_medium=Organic&utm_campaign=GBP,4.7,Roofers
AWS Roofing Services,,Open · Closes 4 PM · (386) 423-3076,https://www.awsroofing.com/?utm_source=google&utm_medium=organic&utm_campaign=gbp,4.4,Roofers
Ed Senez Roofing Specialist LLC,,Open · Closes 4 PM · (386) 774-4950,http://senezroofing.com/,4.1,Roofers
Turnkey Roofing of Florida,Turnkey Roofing of Florida,Open · Closes 5 PM · (321) 972-1005,http://chooseturnkeyorlando.com/,4.7,Roofers
Evans Roofing of Central Florida,Evans Roofing of Central Florida,Open · Closes 4 PM · (407) 295-4944,https://www.evansroof.com/contact-central-orlando-market,4.9,Roofers
Florida 5 Star Roofing,Florida 5 Star Roofing,Open 24 hours · (407) 634-3335,https://www.fl5starroofing.com/,4.5,Roofers
Deltona Roofers and Roofing Repair,,Open · Closes 8 PM · (321) 407-4937,,4.2,Roofers
Rhino Roofing Orlando,,Open · Closes 5 PM · (407) 388-7700,https://rhinoroofingorlando.com/?utm_campaign=gmb,4.9,Roofers
Stenhouse Roofing & Construction,,Open · Closes 6 PM · (321) 356-9698,http://stenhouseroofing.com/,4.8,Roofers
Advanced Roofing Inc.,,Open · Closes 5 PM · (407) 322-1555,https://www.advancedroofing.com/,4.4,Roofers
FL Roofing Co,,Open 24 hours · (386) 381-3699,https://fl-roofing-co.ueniweb.com/?utm_campaign=gmb,4.9,Roofers
Covelli Roofing,,Open · Closes 5 PM · (407) 358-7193,https://covelliroofing.com/,4.8,Roofers
Castle Roofing Group,,Open · Closes 5 PM · (407) 477-2823,https://www.castleroofinggroup.com/?utm_source=Google&utm_medium=Organic&utm_campaign=GMB,4.9,Roofers
favored electric,,Open · Closes 8 PM · (407) 948-2128,https://www.favoredelectric.com/contact-us,5.0,Electricians
"Florida Electrical Solutions, LLC","Florida Electrical Solutions, LLC",Open · Closes 4 PM · (386) 218-4195,http://www.flelectricalsolutions.com/,4.9,Electricians
Deltron Electric FL,,Open · Closes 5 PM · (386) 200-4873,https://www.deltronelectricfl.com/?utm_source=GMB&utm_medium=organic,4.9,Electricians
Focus Electric Services,,Open 24 hours · (386) 837-6502,,5.0,Electricians
Henry Brothers Electric,,Open · Closes 6 PM · (407) 808-0017,http://www.henrybrotherselectric.com/,5.0,Electricians
Central Florida Electrician,Central Florida Electrician,Open · Closes 5 PM · (407) 801-0126,https://centralfloridaelectrician.com/,4.9,Electricians
All Electric Services,,Open · Closes 5 PM · (407) 890-7782,https://www.allelectric.com/,4.9,Electricians
KDT Electrical Contracting,,Open · Closes 8 PM · (386) 532-3418,https://www.facebook.com/profile.php?id=61569590296143,4.9,Electricians
Pat's Electric Inc,,Open · Closes 4 PM · (386) 775-7776,http://patselectricinc.com/?utm_source=GBP&utm_medium=Website,4.8,Electricians
Ace Electrical,,Open · Closes 5 PM · (386) 668-8651,http://electrical.aceac.com/,4.6,Electricians
AMA ELECTRIC PLLC,,Open · Closes 4:30 PM · (386) 366-1880,https://ama-electric.com/,5.0,Electricians
Calkins Electric Construction Co,,Open · Closes 4 PM · (386) 734-6751,http://www.calkinsfl.com/,4.8,Electricians
Alex Goodwin Electrical Contracting Inc,,(386) 747-3456,https://alexgoodwinelectric.com/,4.9,Electricians
Quality Electric of Central Florida,Quality Electric of Central Florida,Open · Closes 6 PM · (386) 734-7790,https://www.facebook.com/QualityElectricOfCentralFlorida,4.9,Electricians
TLC Electric Inc,,Open · Closes 12 AM · (407) 323-6958,http://www.tlcelectric.us/,4.6,Electricians
Tom Seren Electric Inc,,Open now · (407) 321-1226,,5.0,Electricians
Kenzy Electric LLC,,Open 24 hours · (407) 712-0759,http://www.kenzyelectric.com/,4.4,Electricians
"Sanford Electric Co II, Inc",,Open 24 hours · (407) 322-1562,https://www.sanfordelectric.net/,4.3,Electricians
Safeway Electric,,Open · Closes 10 PM · (386) 218-2498,,5.0,Electricians
Wire Wizard Electrical Services,,,http://wirewizard.pro/,5.0,Electricians
Prelude Electrical Services Inc,,Open 24 hours · (386) 789-1255,,5.0,Electricians
"APEX Electrical Services, LLC",,Open · Closes 4 PM · (386) 589-8234,http://www.electricianfl.com/,5.0,Electricians
FL Home Electrician,,Open 24 hours · (386) 291-6986,,5.0,Electricians
Vincent Anthony Electric,,Open 24 hours · (386) 333-6844,http://vincentanthonyelectric.com/,4.8,Electricians
Super Fast Electric,,Open · Closes 5 PM · (407) 789-3737,https://superfastelectric.com/?se_action=eyJ0eXBlIjoic2Utc2hvdy1tb2RhbCJ9,4.9,Electricians
Optimal Electric Inc,,Open · Closes 5 PM · (407) 323-0377,http://optimalelectric.co/,4.9,Electricians
Solaris Electric,,Open · Closes 5 PM · (386) 202-5264,https://www.solaristechnology.net/,4.7,Electricians
SunState Electric,,Open 24 hours · (386) 218-5875,http://www.sunstateelectric.com/contact.html,5.0,Electricians
"Giles Electric Company, Inc.",,Open · Closes 5 PM · (386) 767-5895,http://gileselectriccompany.com/,4.8,Electricians
Taranto Electric Inc,,Open · Closes 4 PM · (386) 532-5013,https://tarantoelectric.com/,4.9,Electricians
In Phaze Electric Inc.,,Open · Closes 6 PM · (407) 599-7777,https://www.inphazeelectric.com/request-an-appointment/,4.8,Electricians
"Morton Electric, Inc.",,Open · Closes 5 PM · (407) 830-1000,http://www.mortonelectricinc.com/,4.3,Electricians
"R & B Electrical, LLC",,(386) 218-0166,,4.5,Electricians
White's Electric Company,,Open · Closes 6 PM · (386) 233-0543,http://whiteselectric.com/,4.9,Electricians
Mister Sparky,,Open 24 hours · (386) 221-4260,https://daytonamistersparky.com/,4.8,Electricians
Palmer Electric Company,,Open 24 hours · (407) 646-8700,https://www.palmer-electric.com/,4.3,Electricians
